發生時間,發生地點,死亡受傷人數,車種,經度,緯度
110年01月01日 04時49分00秒,屏東縣萬巒鄉鹿寮村三多路1-8號前0.0公尺附近,死亡1;受傷0,普通重型-機車;自用-小貨車(含客、貨兩用),120.560111,22.567105
110年01月01日 04時57分00秒,臺中市霧峰區西柳橋頭,死亡1;受傷0,營業用-半聯結車;普通重型-機車,120.680001,24.070698
110年01月01日 07時30分00秒,南投縣仁愛鄉台8線 111公里100.0公尺處北側向外側,死亡1;受傷0,普通重型-機車;自用-小貨車(含客、貨兩用),121.303376,24.191833
110年01月01日 09時00分00秒,臺中市梧棲區福德里港埠路二段 / 臺中市梧棲區福德里中興路,死亡1;受傷0,腳踏自行車-慢車;自用-小客車,120.536745,24.252353
110年01月01日 13時32分00秒,新北市新莊區新北市新莊區中正路1號與中正路,死亡1;受傷1,自用-小客車;大型重型2(250-550C.C.)-機車;乘客-人,121.465555,25.041909
110年01月01日 15時40分00秒,雲林縣大埤鄉157線330464號燈處,死亡1;受傷0,自用-小貨車(含客、貨兩用);普通重型-機車,120.416580,23.634047
110年01月01日 16時04分00秒,臺南市玉井區台20線 28公里800.0公尺處西側向外側,死亡2;受傷2,自用-小客車;乘客-人;乘客-人;乘客-人,120.423783,23.071161
110年01月01日 19時43分00秒,苗栗縣南庄鄉台三線98.8公里處,死亡1;受傷0,行人-人;營業用-小貨車(含客、貨兩用),120.957925,24.600989
110年01月02日 09時42分00秒,臺中市龍井區竹坑里中華路1段前0.0公尺,死亡1;受傷0,普通重型-機車;民營公車-大客車,120.543028,24.171578
110年01月02日 09時58分00秒,嘉義縣布袋鎮東港里172線與村里道路路口,死亡1;受傷0,普通重型-機車;自用-大貨車,120.186905,23.373336
110年01月02日 20時58分30秒,宜蘭縣冬山鄉鹿埔路東側 / 宜蘭縣冬山鄉鹿梅路東側,死亡1;受傷0,普通重型-機車,121.745872,24.656693
110年01月02日 21時28分00秒,宜蘭縣三星鄉上將路2段190號附近,死亡1;受傷0,自用-小客車;行人-人,121.733743,24.696659
110年01月03日 04時27分15秒,南投縣埔里鎮中正路129-10號,死亡1;受傷2,自用-小客車;普通重型-機車;普通重型-機車;普通重型-機車,120.978169,23.946037
110年01月03日 23時13分00秒,新北市五股區新北市五股區中興路3段與新五路2段,死亡1;受傷1,自用-小客車;普通重型-機車;乘客-人,121.441968,25.081495
110年01月04日 10時00分00秒,桃園市龍潭區龍新路三和段1689巷1號前0.0公尺,死亡1;受傷0,普通重型-機車;自用-小客車,121.162304,24.845509
110年01月04日 11時38分00秒,新北市淡水區新北市淡水區中正東路1段105巷與中正東路1段,死亡1;受傷0,自用-小客車;普通重型-機車,121.453435,25.161918
110年01月04日 11時44分00秒,臺中市大里區永隆里東榮路 / 臺中市大里區永隆里永隆路,死亡1;受傷0,自用-小貨車(含客、貨兩用);普通重型-機車,120.676629,24.109353
110年01月04日 15時22分32秒,屏東縣竹田鄉龍門路242號前0.0公尺附近,死亡1;受傷0,普通重型-機車,120.523701,22.625022
110年01月04日 21時04分00秒,臺北市士林區大東路90-2號前0.0公尺,死亡1;受傷1,普通重型-機車;行人-人,121.525558,25.091478
110年01月04日 23時27分00秒,彰化縣花壇鄉崙雅村花秀路 / 彰化縣花壇鄉崙雅村花秀路,死亡1;受傷0,普通重型-機車,120.525469,24.032475
110年01月05日 00時13分00秒,宜蘭縣五結鄉噶瑪蘭橋018號路燈附近,死亡1;受傷1,租賃車-小客車;營業用-曳引車,121.820238,24.712110
110年01月05日 05時17分00秒,新北市板橋區新北市板橋區篤行路3段與玉平巷76弄,死亡1;受傷1,行人-人;普通重型-機車,121.427843,24.985126
110年01月05日 06時42分58秒,臺南市善化區南科七路與三抱竹路路口,死亡1;受傷1,普通重型-機車;普通重型-機車,120.268809,23.107662
110年01月05日 07時25分00秒,臺東縣卑南鄉太平路口 / 臺東縣卑南鄉太平路口,死亡1;受傷1,普通重型-機車;行人-人,121.081728,22.786144
110年01月05日 11時10分00秒,嘉義縣溪口鄉游東村游厝庄嘉176線0.5公里處(電桿興安19南10A),死亡1;受傷0,自用-大貨車;普通重型-機車,120.396445,23.624008
110年01月05日 15時20分00秒,高雄市彌陀區樂安路 / 高雄市彌陀區樂安路廟巷段,死亡1;受傷1,腳踏自行車-慢車;普通重型-機車,120.243525,22.767126
110年01月06日 02時10分00秒,桃園市八德區福德一路附近 / 桃園市八德區和成路附近,死亡1;受傷0,行人-人;營業用-小貨車(含客、貨兩用),121.322960,24.960730
110年01月06日 02時32分00秒,苗栗縣通霄鎮台1線 124公里500.0公尺處南側,死亡1;受傷1,普通重型-機車;乘客-人,120.710727,24.565747
110年01月06日 12時47分00秒,宜蘭縣羅東鎮仁愛路3段口 / 宜蘭縣羅東鎮復興路3段口,死亡1;受傷0,自用-小客車;普通重型-機車,121.762810,24.699133
110年01月06日 16時51分00秒,臺中市梧棲區橋柱P353前,死亡1;受傷1,普通重型-機車;自用-小客車,120.526622,24.227253
110年01月06日 17時35分00秒,臺中市沙鹿區沙鹿交流道機車道(匝道旁),死亡1;受傷1,普通重型-機車;乘客-人,120.592521,24.250328
110年01月06日 19時14分00秒,臺中市北屯區陳平里中平路 / 臺中市北屯區陳平里敦化路二段,死亡1;受傷1,普通重型-機車;普通重型-機車,120.663479,24.185442
110年01月06日 21時50分00秒,屏東縣竹田鄉光明路4之5號,死亡1;受傷0,普通重型-機車,120.529530,22.620011
110年01月07日 00時44分00秒,臺北市中山區復興北路 / 臺北市中山區民生東路3段,死亡1;受傷0,自用-小客車;行人-人,121.544018,25.057853
110年01月07日 04時08分00秒,臺南市東區東門路2段411號,死亡1;受傷0,普通重型-機車,120.229231,22.981324
110年01月07日 15時44分00秒,彰化縣員林市東北里山腳路6段337號前0.0公尺前,死亡1;受傷0,普通重型-機車;營業用-曳引車,120.591547,23.979805
110年01月08日 04時53分00秒,屏東縣屏東市建國路382-2號前0.0公尺附近,死亡1;受傷0,行人-人;自用-小客車,120.467524,22.658249
110年01月08日 10時45分00秒,新北市泰山區新北市泰山區民權街31號與民權街,死亡1;受傷0,營業用-小貨車(含客、貨兩用);行人-人,121.428966,25.050740
110年01月08日 13時03分00秒,彰化縣大村鄉村上村中正東路153-1號前0.0公尺西側,死亡1;受傷0,普通重型-機車;自用-小客車,120.568079,23.989428
110年01月08日 15時29分00秒,臺南市仁德區太子里太子路與土庫路口,死亡1;受傷1,自用-小客車;大型重型2(250-550C.C.)-機車,120.257223,22.991556
110年01月08日 16時19分00秒,高雄市林園區中門路333號前0.0公尺前,死亡1;受傷0,普通重型-機車,120.366022,22.508725
110年01月08日 17時38分00秒,高雄市梓官區公館路石潭橋號前0.0公尺,死亡1;受傷0,普通重型-機車;農耕用車(或機械)-其他車,120.273947,22.771166
110年01月08日 17時56分56秒,屏東縣萬丹鄉水仙村大仁路199巷與大仁路(往西10公尺處),死亡1;受傷0,普通重型-機車;自用-大貨車,120.486166,22.549821
110年01月09日 04時53分00秒,臺南市中西區民生路2段西側 / 臺南市中西區康樂街南側,死亡1;受傷0,計程車-小客車;普通重型-機車,120.195274,22.995693
110年01月09日 12時14分22秒,臺南市東山區聖賢里區道南314線北勢寮91之2號前0.0公尺西側,死亡1;受傷0,自用-小客車,120.361292,23.309723
110年01月09日 14時29分00秒,彰化縣彰化市下廍里自強路352號前0.0公尺前,死亡1;受傷1,自用-小客車;普通重型-機車;普通重型-機車;自用-小客車;自用-小客車;自用-小客車,120.547814,24.091097
110年01月09日 15時45分00秒,臺南市新營區嘉芳里新運五路(近新運二路口),死亡1;受傷0,普通重型-機車,120.281829,23.310689
110年01月10日 03時15分05秒,苗栗縣銅鑼鄉國道1號 138公里700.0公尺處北側向外側,死亡1;受傷0,營業用-大貨車;自用-小客車;自用-小客車,120.782498,24.483412
110年01月10日 06時00分00秒,彰化縣社頭鄉橋頭村員集路3段263號前0.0公尺前,死亡1;受傷0,自用-小客車;行人-人,120.581711,23.912492
110年01月10日 10時05分00秒,彰化縣和美鎮月眉里和港路307號前0.0公尺,死亡1;受傷0,大型重型1(550C.C.以上)-機車,120.490688,24.127287
110年01月10日 11時13分00秒,臺中市大甲區德化里東西五路一段 / 臺中市大甲區德化里南北三路,死亡1;受傷0,自用-小客車;電動自行車-慢車,120.626766,24.374901
110年01月10日 18時21分00秒,臺中市大里區西湖里草堤路229號前0.0公尺,死亡1;受傷0,自用-小客車,120.672991,24.081261
110年01月10日 20時39分00秒,彰化縣福興鄉外中村番花路1段前0.0公尺,死亡1;受傷1,自用-小客車;普通重型-機車,120.480364,24.017853
110年01月11日 02時44分00秒,苗栗縣南庄鄉苗124乙線4.3公里處,死亡1;受傷0,自用-小客車;行人-人,120.999098,24.634867
110年01月11日 06時14分00秒,臺中市北屯區平和里文心路四段123號前0.0公尺,死亡1;受傷1,普通重型-機車;普通重型-機車;自用-小客車;自用-小客車,120.675193,24.173921
110年01月11日 12時40分36秒,宜蘭縣三星鄉台7甲線 6公里100.0公尺處東側向內側,死亡1;受傷2,自用-小貨車(含客、貨兩用);營業用-大貨車;乘客-人,121.507641,24.592609
110年01月11日 15時40分00秒,高雄市田寮區西德路 / 高雄市田寮區西德路,死亡1;受傷1,自用-小貨車(含客、貨兩用);自用-小客車,120.385789,22.880606
110年01月11日 18時57分00秒,高雄市大社區和平路1段118號前0.0公尺,死亡1;受傷0,普通重型-機車;營業用-曳引車,120.301520,22.627160
110年01月12日 08時45分00秒,臺東縣卑南鄉明峰村牧場60號,死亡1;受傷0,普通重型-機車,121.112814,22.867121
110年01月12日 16時41分53秒,花蓮縣鳳林鎮花東公路口 / 花蓮縣鳳林鎮長橋路口,死亡1;受傷0,腳踏自行車-慢車;自用-小客車;乘客-人,121.419328,23.707251
110年01月12日 18時05分00秒,屏東縣恆春鎮恆春鎮恆東路與恆南路4巷路口,死亡1;受傷0,普通重型-機車;民營客運-大客車,120.750790,22.004285
110年01月12日 19時58分00秒,臺中市西屯區上安里上安路86號前0.0公尺,死亡1;受傷1,普通重型-機車;行人-人,120.640339,24.170972
110年01月12日 22時35分48秒,臺中市神岡區國道1號 168公里600.0公尺處北側向減速車道,死亡1;受傷3,自用-小客車;乘客-人;乘客-人;乘客-人,120.689807,24.244319
110年01月12日 22時37分12秒,臺南市歸仁區八甲里文化街一段口 / 臺南市歸仁區八甲里大仁街,死亡1;受傷0,自用-小客車,120.300670,22.971547
110年01月13日 05時35分00秒,臺北市萬華區東園街 / 臺北市萬華區東園街,死亡1;受傷1,普通重型-機車;行人-人,121.497925,25.022701
110年01月13日 09時43分00秒,臺中市大肚區頂街里自由路 / 臺中市大肚區頂街里華山路,死亡1;受傷0,普通重型-機車;自用-小客車,120.547745,24.155704
110年01月13日 11時00分00秒,雲林縣西螺鎮河南里社口路埔心17號電桿處,死亡1;受傷0,普通重型-機車;自用-小客車,120.442779,23.792713
110年01月13日 11時13分37秒,新竹縣芎林鄉富林路口 / 新竹縣芎林鄉竹林路口,死亡1;受傷0,自用-大貨車;普通重型-機車,121.096835,24.750009
110年01月13日 16時01分00秒,高雄市鳥松區中正路 / 高雄市鳥松區大同路,死亡1;受傷1,營業用-曳引車;普通重型-機車;乘客-人,120.371218,22.653973
110年01月13日 17時07分00秒,高雄市湖內區中山路2段154號前0.0公尺前,死亡1;受傷1,腳踏自行車-慢車;普通重型-機車,120.228300,22.907570
110年01月14日 05時06分15秒,臺南市下營區後街里中正北路北側 / 臺南市下營區後街里人和二街西側,死亡1;受傷1,普通重型-機車;腳踏自行車-慢車;自用-小客車,120.261664,23.237488
110年01月14日 06時06分00秒,桃園市楊梅區高上里高上路1段67之1號前0.0公尺,死亡1;受傷0,自用-小貨車(含客、貨兩用);行人-人,121.162883,24.937458
110年01月14日 07時34分00秒,臺中市大甲區龍泉里中山路二段930-1號前0.0公尺,死亡1;受傷0,普通重型-機車;自用-小客車,120.641973,24.401343
110年01月14日 08時20分00秒,臺中市大肚區王田里沙田路1段108號前0.0公尺,死亡1;受傷0,普通重型-機車;自用-小客車;營業用-半聯結車,120.576768,24.118855
110年01月14日 09時59分00秒,臺東縣卑南鄉和平路東側 / 臺東縣卑南鄉和平路北側,死亡1;受傷0,普通重型-機車;自用-大貨車,121.091829,22.787285
110年01月14日 15時05分46秒,花蓮縣秀林鄉和平村和平路83之1號前0.0公尺,死亡1;受傷0,自用-小客車;行人-人,121.747784,24.308947
110年01月14日 16時39分10秒,新竹縣尖石鄉嘉樂村3鄰嘉樂路179-6號前0.0公尺附近,死亡1;受傷0,自用-小客車;營業用-大貨車,121.211806,24.705057
110年01月14日 16時43分00秒,臺中市東區近東英六街,死亡1;受傷0,普通重型-機車,120.710303,24.139932
110年01月14日 17時55分00秒,臺南市善化區南關里三民路口 / 臺南市善化區南關里永安路口,死亡1;受傷0,自用-小客車;腳踏自行車-慢車,120.287805,23.129519
110年01月14日 19時45分00秒,新北市板橋區新北市板橋區堤外機車專用道路與堤外機車專用道路(浮洲橫移門),死亡1;受傷2,普通重型-機車;行人-人;乘客-人,121.469820,25.036062
110年01月15日 04時05分00秒,臺南市歸仁區中正北路2段124號南側,死亡1;受傷0,普通重型-機車,120.293608,22.981622
110年01月15日 06時50分00秒,彰化縣伸港鄉溪底村濱海路 / 彰化縣伸港鄉溪底村工五路,死亡1;受傷0,普通重型-機車;自用-大貨車,120.514398,24.167575
110年01月15日 07時37分00秒,新北市中和區新北市中和區中正路64巷,死亡1;受傷0,普通重型-機車;民營公車-大客車,121.501224,24.993962
110年01月15日 08時40分00秒,新北市三峽區新北市三峽區介壽路3段115號,死亡1;受傷0,自用-小客車,121.399058,24.942261
110年01月15日 13時56分00秒,雲林縣褒忠鄉田洋村田洋80電桿前,死亡1;受傷0,普通重型-機車,120.309368,23.721012
110年01月15日 19時12分00秒,桃園市中壢區中山東路3段106號前0.0公尺附近,死亡1;受傷0,行人-人;營業用-大貨車,121.248138,24.944359
110年01月15日 20時15分00秒,新竹縣竹東鎮中興路一段270號前,死亡1;受傷2,普通重型-機車;普通重型-機車;乘客-人,121.069543,24.756867
110年01月15日 23時30分00秒,桃園市中壢區培英路口 / 桃園市中壢區育英路口,死亡1;受傷1,普通重型-機車;自用-小客車;乘客-人,121.224837,24.973751
110年01月16日 07時32分00秒,臺中市龍井區龍泉里沙田路5段315巷前0.0公尺,死亡1;受傷0,普通重型-機車;自用-大貨車,120.543621,24.202581
110年01月16日 08時53分27秒,桃園市大園區中山南路2段379號前0.0公尺,死亡1;受傷0,普通重型-機車,121.213342,25.026811
110年01月16日 10時30分48秒,雲林縣北港鎮樹腳里大同路(路燈編號112625前),死亡1;受傷0,普通重型-機車,120.276445,23.579726
110年01月16日 10時47分00秒,高雄市岡山區介壽西路前 / 高雄市岡山區通校路,死亡1;受傷0,營業用-大貨車;腳踏自行車-慢車,120.281357,22.784276
110年01月16日 13時48分00秒,桃園市新屋區聚賢路205號前0.0公尺,死亡1;受傷0,普通重型-機車,121.029669,24.994300
110年01月16日 14時06分00秒,宜蘭縣礁溪鄉玉龍路二段87號前,死亡1;受傷1,自用-小客車;租賃車-小客車,121.787872,24.802050
110年01月16日 16時23分00秒,高雄市岡山區嘉峰路 / 高雄市岡山區嘉峰路,死亡1;受傷0,自用-小貨車(含客、貨兩用);普通重型-機車,120.311936,22.827783
110年01月16日 23時23分00秒,新北市五股區新北市五股區中興路3段192號旁,死亡1;受傷0,普通重型-機車,121.443922,25.082755
110年01月17日 02時34分00秒,新北市板橋區新北市板橋區環河西路4段000720號燈桿,死亡1;受傷0,普通重型-機車,121.485541,25.022253
110年01月17日 06時23分00秒,高雄市鼓山區九如四路 / 高雄市鼓山區內惟路,死亡1;受傷0,普通輕型-機車;自用-小客車,120.283627,22.667691
110年01月17日 08時07分00秒,臺南市中西區健康路1段10號,死亡1;受傷0,自用-小客車;普通重型-機車,120.211739,22.981246
110年01月17日 10時44分25秒,新竹市香山區延平路二段45巷口,死亡1;受傷0,普通重型-機車;普通重型-機車;自用-小客車,120.942658,24.805041
110年01月17日 20時40分34秒,桃園市中壢區中觀路二段(井厝幹28之30電桿)旁,死亡1;受傷0,普通重型-機車,121.163246,24.981192
110年01月18日 16時11分00秒,臺南市安定區安加里區道南132線口 / 臺南市安定區安加里市道178線口,死亡1;受傷0,自用-大貨車;腳踏自行車-慢車,120.235299,23.115109
110年01月18日 20時44分00秒,屏東縣崁頂鄉平和南路與龍港路口,死亡1;受傷0,普通重型-機車;自用-小客車,120.474956,22.501589
110年01月19日 14時50分29秒,桃園市大園區聖德北路538號前0.0公尺,死亡1;受傷0,普通重型-機車;自用-大貨車,121.194297,25.039071
110年01月20日 05時47分00秒,新北市新莊區新北市新莊區福慧路與新知六路,死亡1;受傷0,營業用-小貨車(含客、貨兩用);大型重型2(250-550C.C.)-機車,121.458355,25.062229
110年01月20日 07時35分35秒,苗栗縣西湖鄉119線8.5公里處,死亡1;受傷1,自用-小客車;行人-人,120.750040,24.545616
110年01月20日 10時00分03秒,臺南市龍崎區182線往東22.7K附近,死亡1;受傷1,普通重型-機車;乘客-人,120.383248,22.948791
110年01月20日 10時20分00秒,宜蘭縣員山鄉八甲路12-1號前0.0公尺,死亡1;受傷0,普通輕型-機車,121.706298,24.723773
110年01月20日 11時08分00秒,桃園市新屋區東明路110號旁產業道路,死亡1;受傷0,普通重型-機車;自用-小貨車(含客、貨兩用),121.083728,24.975719
110年01月20日 15時00分13秒,臺東縣達仁鄉台9戊線10.8K北上路肩,死亡1;受傷0,營業用-半聯結車,120.841546,22.252594
110年01月20日 16時03分00秒,臺南市佳里區鎮山里佳南路口 / 臺南市佳里區鎮山里勝利路口,死亡1;受傷0,自用-小客車;普通重型-機車,120.180075,23.148626
110年01月20日 16時21分00秒,澎湖縣馬公市縣202線 4公里200.0公尺處北側向外側,死亡1;受傷0,普通重型-機車,119.631988,23.583061
110年01月20日 18時02分09秒,雲林縣口湖鄉湖口村台17線道路北上107公里附近,死亡1;受傷0,自用-小貨車(含客、貨兩用);行人-人,120.173944,23.552485
110年01月20日 18時55分00秒,屏東縣鹽埔鄉新埔路839號前0.0公尺,死亡1;受傷1,腳踏自行車-慢車;自用-小貨車(含客、貨兩用),120.564391,22.753349
110年01月21日 00時25分57秒,宜蘭縣宜蘭市東港橋上宜市路燈桿6265號前,死亡1;受傷0,普通重型-機車,121.758758,24.758010
110年01月21日 06時26分00秒,桃園市桃園區三民路2段口 / 桃園市桃園區民生路,死亡1;受傷0,營業用-曳引車;普通重型-機車,121.310445,24.999649
110年01月21日 12時50分24秒,宜蘭縣三星鄉上將路七段與雙和一路口,死亡1;受傷3,自用-小客車;自用-小貨車(含客、貨兩用);乘客-人;乘客-人,121.644155,24.677092
110年01月21日 17時52分00秒,臺中市西區中興里公益路 / 臺中市西區中興里美村路,死亡1;受傷0,營業用-小貨車(含客、貨兩用);普通重型-機車,120.661669,24.150855
110年01月21日 18時20分00秒,臺東縣東河鄉台11線 126公里400.0公尺處附近,死亡1;受傷4,自用-小客車;民營公車-大客車;乘客-人;乘客-人;乘客-人;乘客-人,121.344379,23.059007
110年01月21日 20時05分00秒,彰化縣大村鄉黃厝村美港路415號前0.0公尺前,死亡1;受傷0,普通重型-機車,120.582267,23.984253
110年01月21日 20時18分00秒,雲林縣四湖鄉林厝村文化路20巷,死亡1;受傷0,普通重型-機車,120.193566,23.637083
110年01月21日 20時55分00秒,桃園市楊梅區中山北路1段16號前0.0公尺,死亡1;受傷0,行人-人;自用-小客車,121.149606,24.907525
110年01月21日 23時56分00秒,臺東縣大武鄉台9線 408公里700.0公尺處北側向外側,死亡1;受傷0,自用-小貨車(含客、貨兩用),120.938144,22.440477
110年01月22日 00時54分23秒,臺南市仁德區後壁里中正路二段附近 / 臺南市仁德區後壁里德洋路附近,死亡1;受傷1,普通重型-機車;行人-人,120.251436,22.950224
110年01月22日 04時51分00秒,基隆市安樂區安樂路二段145號前0.0公尺,死亡1;受傷1,普通重型-機車;行人-人,121.724197,25.121314
110年01月22日 05時08分00秒,臺北市大安區仁愛路4段 / 臺北市大安區復興南路1段,死亡1;受傷0,普通重型-機車;計程車-小客車,121.543741,25.038088
110年01月22日 11時02分00秒,高雄市左營區大中二路 / 高雄市左營區博愛三路,死亡1;受傷0,自用-小貨車(含客、貨兩用);普通重型-機車,120.310175,22.681073
110年01月22日 19時09分00秒,苗栗縣苗栗市上苗里為公路口 / 苗栗縣苗栗市上苗里中正路口,死亡1;受傷0,行人-人;民營公車-大客車,120.824529,24.569970
110年01月23日 00時16分00秒,屏東縣里港鄉載興村載南路40號前0.0公尺,死亡1;受傷0,自用-小客車;營業用-曳引車,120.529878,22.779269
110年01月23日 01時58分00秒,臺南市新化區台20線 17.1公里,死亡1;受傷0,普通重型-機車,120.342676,23.066532
110年01月23日 06時00分00秒,新北市鶯歌區新北市鶯歌區環河路32號,死亡2;受傷0,普通重型-機車;乘客-人,121.351623,24.944680
110年01月23日 06時12分00秒,屏東縣屏東市潭墘里環河路前0.0公尺,死亡1;受傷1,自用-小貨車(含客、貨兩用);普通重型-機車;普通重型-機車,120.446722,22.664956
110年01月23日 08時36分00秒,桃園市楊梅區國道1號 68公里900.0公尺處南側向外側,死亡1;受傷3,營業用-半聯結車;自用-小客車;乘客-人;乘客-人;乘客-人,121.126577,24.893840
110年01月23日 15時15分00秒,新北市淡水區新北市淡水區中正東路2段115號,死亡1;受傷1,普通重型-機車;乘客-人,121.459521,25.150497
110年01月23日 16時18分00秒,屏東縣內埔鄉豐田村建國路26號前0.0公尺附近,死亡1;受傷0,普通重型-機車,120.545835,22.643792
110年01月23日 17時01分00秒,臺南市柳營區台1線 294公里200.0公尺處北側向機、慢車道,死亡1;受傷0,自用-小貨車(含客、貨兩用);普通重型-機車,120.325274,23.275668
110年01月23日 17時45分00秒,桃園市平鎮區快速路一段大溪往觀音編號P239橋墩旁,死亡1;受傷0,自用-小客車;腳踏自行車-慢車,121.229597,24.908701
110年01月23日 19時55分47秒,新竹縣關西鎮新力里竹21線1.5K處,死亡1;受傷0,普通重型-機車,121.132915,24.798812
110年01月24日 02時53分56秒,苗栗縣公館鄉五谷村台6線與苗26線口,死亡1;受傷0,自用-小客車;普通重型-機車,120.818764,24.528990
110年01月24日 07時00分00秒,屏東縣屏東市棒球路口 / 屏東縣屏東市復興路.口,死亡1;受傷1,普通重型-機車;自用-小客車,120.486907,22.657715
110年01月24日 20時08分00秒,高雄市楠梓區右昌街110號前0.0公尺前,死亡1;受傷0,普通重型-機車,120.290696,22.709985
110年01月25日 02時56分00秒,新北市泰山區新北市泰山區泰林路1段15號,死亡1;受傷1,普通重型-機車;拼裝車-其他車,121.440067,25.049859
110年01月25日 07時53分00秒,新北市蘆洲區新北市蘆洲區2號越堤道與2號越堤道,死亡1;受傷1,普通重型-機車;普通重型-機車,121.473062,25.079465
110年01月25日 15時08分15秒,苗栗縣三灣鄉台三線103.6公里處,死亡1;受傷0,自用-小客車;普通重型-機車,120.955819,24.614288
110年01月26日 06時46分00秒,臺中市西屯區西平北巷林厝公園入口處(西平北巷R17燈桿附近),死亡1;受傷0,普通重型-機車,120.623920,24.205091
110年01月26日 07時40分00秒,新北市淡水區新北市淡水區淡金路2段與北新路,死亡1;受傷0,普通重型-機車;營業用-曳引車;自用-小客車,121.446047,25.193459
110年01月26日 12時22分00秒,基隆市信義區基隆市信義區壽山路路段上,死亡1;受傷0,自用-小貨車(含客、貨兩用);普通重型-機車,121.758280,25.133091
110年01月26日 14時45分00秒,屏東縣枋山鄉台1線 457公里800.0公尺處北側向路肩,死亡1;受傷2,自用-小客車;乘客-人;乘客-人,120.652989,22.261031
110年01月26日 14時48分00秒,彰化縣二林鎮後厝里新華巷前0.0公尺,死亡1;受傷0,普通重型-機車,120.395753,23.904944
110年01月26日 17時09分00秒,臺南市西港區南41線3.6公里處南下一般車道,死亡1;受傷1,普通重型-機車;普通重型-機車,120.180324,23.116953
110年01月26日 18時50分00秒,臺東縣東河鄉台11線 147公里東側向內側,死亡1;受傷3,自用-小貨車(含客、貨兩用);自用-小貨車(含客、貨兩用);乘客-人;乘客-人,121.210765,22.865030
110年01月27日 08時28分00秒,新竹縣竹北市國道1號 91公里500.0公尺處北側向外側,死亡1;受傷1,營業用-大貨車;自用-小貨車(含客、貨兩用);營業用-半聯結車;自用-小客車;自用-小客車;自用-小貨車(含客、貨兩用);乘客-人,121.021903,24.833369
110年01月27日 09時35分21秒,雲林縣西螺鎮大園里光復東路108號前,死亡1;受傷0,營業用-曳引車;普通重型-機車;其他人-人,120.475290,23.797479
110年01月27日 10時06分00秒,新北市土城區新北市土城區中央路2段與員福街,死亡1;受傷0,營業用-曳引車;腳踏自行車-慢車,121.442174,24.978288
110年01月27日 11時12分00秒,新竹市東區研新一路與研新四路,死亡1;受傷2,普通重型-機車;普通重型-機車;乘客-人,120.986875,24.777785
110年01月27日 11時12分08秒,苗栗縣苗栗市國華路1212號前,死亡1;受傷0,營業用-曳引車;普通重型-機車;自用-小客車,120.813420,24.561377
110年01月27日 11時13分28秒,苗栗縣竹南鎮苗3線電線桿(尖筆幹86AD8671BB36)附近,死亡1;受傷3,自用-小客車;自用-小客車;乘客-人;乘客-人,120.898904,24.726329
110年01月27日 11時57分00秒,彰化縣北斗鎮中寮里斗苑路2段 / 彰化縣北斗鎮中寮里光前路,死亡1;受傷1,普通重型-機車;自用-小貨車(含客、貨兩用);乘客-人,120.504903,23.880126
110年01月27日 17時17分24秒,雲林縣元長鄉雲169鄉道與中山路9巷路口,死亡1;受傷0,自用-小客車;普通重型-機車,120.306344,23.647980
110年01月28日 08時15分00秒,高雄市路竹區順安路 / 高雄市路竹區無名路,死亡1;受傷1,普通重型-機車;普通重型-機車,120.238900,22.838020
110年01月28日 10時07分00秒,嘉義縣朴子市竹村里台19線87.2公里與產業道路口,死亡1;受傷0,自用-大貨車;普通重型-機車,120.246290,23.436257
110年01月28日 15時16分25秒,臺南市新市區國道8號 9公里400.0公尺處西側向交流道,死亡1;受傷0,營業用-半聯結車,120.277306,23.065320
110年01月28日 15時55分00秒,宜蘭縣員山鄉內城村員山路2段東側 / 宜蘭縣員山鄉內城村惠民路北側,死亡1;受傷1,自用-大貨車;普通重型-機車;乘客-人,121.709024,24.722923
110年01月29日 05時52分00秒,新北市五股區新北市五股區疏洪一路與疏洪六路,死亡1;受傷0,普通重型-機車,121.458371,25.075385
110年01月29日 09時12分00秒,彰化縣秀水鄉鶴鳴村馬鳴路 / 彰化縣秀水鄉鶴鳴村彰鹿路,死亡1;受傷2,自用-小客車;普通重型-機車;普通重型-機車,120.503701,24.059030
110年01月29日 11時24分00秒,臺北市北投區福國路前0.0公尺,死亡1;受傷0,普通重型-機車;營業用-曳引車;自用-小貨車(含客、貨兩用),121.522520,25.102945
110年01月29日 16時12分30秒,屏東縣萬丹鄉廣安村萬丹路2段口 / 屏東縣萬丹鄉廣安村廣維路口,死亡1;受傷0,營業用-曳引車;普通重型-機車,120.487496,22.606213
110年01月29日 18時39分33秒,苗栗縣竹南鎮台61線 93.6公里南側向機、慢車道,死亡1;受傷0,營業用-曳引車;普通重型-機車,120.867431,24.704208
110年01月30日 02時22分00秒,新北市三芝區新北市三芝區淡金公路(四棧橋39-1號),死亡2;受傷0,自用-小客車;自用-小貨車(含客、貨兩用);自用-小貨車(含客、貨兩用);其他人-人;自用-小貨車(含客、貨兩用);乘客-人,121.502434,25.259345
110年01月30日 11時55分50秒,苗栗縣苑裡鎮東西七路與南北二路路口,死亡1;受傷0,普通重型-機車;自用-小客車,120.640096,24.433150
110年01月30日 19時32分00秒,新北市泰山區新北市泰山區大科路686之2號,死亡1;受傷0,普通重型-機車;普通重型-機車;自用-小客車,121.389780,25.065670
110年01月31日 00時19分00秒,臺中市和平區達觀里東崎街1段前0.0公尺,死亡1;受傷0,自用-小客車;行人-人,120.924441,24.306601
110年01月31日 09時26分00秒,新北市樹林區新北市樹林區大安路與長壽街,死亡1;受傷0,普通重型-機車;自用-小客車,121.426237,25.002193
110年01月31日 13時22分31秒,花蓮縣花蓮市中正路與新興路口以北70公尺處外側路沿,死亡1;受傷0,普通重型-機車,121.614021,23.982046
110年01月31日 14時00分32秒,新竹縣芎林鄉富林路一段與五和街口附近,死亡1;受傷0,自用-小客車;自用-小客車;自用-小客車;自用-小客車;乘客-人,121.119956,24.736322
110年01月31日 22時49分00秒,高雄市大寮區國華街 / 高雄市大寮區無名路,死亡1;受傷0,自用-小客車;普通重型-機車,120.399011,22.625047
110年02月01日 05時32分00秒,南投縣埔里鎮中山路四段62號前,死亡1;受傷0,普通重型-機車,120.938357,23.965194
110年02月01日 13時37分00秒,新北市樹林區新北市樹林區三俊街與俊興街,死亡1;受傷0,自用-小貨車(含客、貨兩用);普通重型-機車,121.419688,25.016484
110年02月01日 16時25分06秒,嘉義縣民雄鄉秀林村溪底寮82號前,死亡1;受傷0,營業用-曳引車;普通重型-機車,120.464806,23.506232
110年02月01日 20時53分53秒,臺南市仁德區大發路58號前0.0公尺,死亡1;受傷0,普通重型-機車,120.251336,22.984211
110年02月01日 23時52分00秒,臺南市安南區台江大道2段201號,死亡6;受傷0,自用-小客車;乘客-人;乘客-人;乘客-人;乘客-人;乘客-人,120.207324,23.057420
110年02月02日 00時26分00秒,花蓮縣吉安鄉慶豐四街口 / 花蓮縣吉安鄉慶南三街口,死亡1;受傷1,自用-小客車;普通重型-機車,121.570830,23.975420
110年02月02日 07時53分00秒,雲林縣斗南鎮延平路二段與莒光街口,死亡1;受傷0,腳踏自行車-慢車;自用-小貨車(含客、貨兩用),120.475931,23.670112
110年02月02日 08時05分00秒,苗栗縣苑裡鎮舊社里苗130線與德行路口,死亡1;受傷0,自用-小客車;普通重型-機車,120.680642,24.419439
110年02月02日 08時44分00秒,臺北市士林區中山北路5段前0.0公尺,死亡1;受傷1,普通重型-機車;行人-人,121.526360,25.087075
110年02月02日 12時12分00秒,高雄市楠梓區德民路 / 高雄市楠梓區德民路,死亡1;受傷1,普通重型-機車;行人-人,120.298872,22.723846
110年02月03日 01時08分03秒,苗栗縣竹南鎮台61線93.7公里處北上慢車道,死亡1;受傷0,營業用-曳引車;普通重型-機車,120.842473,24.676225
110年02月03日 02時45分00秒,臺南市麻豆區南勢里南勢87之2號,死亡1;受傷0,普通重型-機車,120.272123,23.189311
110年02月03日 08時36分00秒,臺北市士林區承德路4段277巷前0.0公尺,死亡1;受傷0,自用-小貨車(含客、貨兩用);行人-人,121.519832,25.089617
110年02月03日 09時30分00秒,臺中市沙鹿區鹿峰里中清路七段北側 / 臺中市沙鹿區鹿峰里三民路,死亡1;受傷0,自用-大貨車;自用-小客車;營業用-半聯結車,120.575650,24.251770
110年02月03日 18時51分00秒,屏東縣崁頂鄉港東2號橋往南防汛道路旁水溝(台電電桿后廍90R41L9T3182EA20),死亡1;受傷0,普通輕型-機車,120.478403,22.516677
110年02月04日 09時17分00秒,嘉義縣中埔鄉富收村富裕路128號前0.0公尺附近,死亡1;受傷0,普通重型-機車,120.481528,23.447948
110年02月04日 11時14分00秒,高雄市岡山區成功路 / 高雄市岡山區成功路,死亡1;受傷0,自用-小貨車(含客、貨兩用);普通重型-機車,120.300574,22.810926
110年02月04日 12時46分00秒,嘉義縣義竹鄉溪州村台19線91.45公里,死亡1;受傷0,自用-小貨車(含客、貨兩用),120.245420,23.398974
110年02月04日 14時34分00秒,嘉義縣大林鎮國道1號 251公里500.0公尺處北側向內側,死亡1;受傷3,自用-小客車;乘客-人;乘客-人;乘客-人,120.432739,23.591355
110年02月04日 18時40分00秒,臺南市玉井區台3線 371公里500.0公尺處西側向外側,死亡1;受傷0,自用-小客車;行人-人,120.477655,23.135629
110年02月04日 18時56分58秒,新竹縣湖口鄉國道1號 84公里700.0公尺處北側向外側,死亡1;受傷0,行人-人;民營公車-大客車,121.064183,24.876976
110年02月04日 19時12分52秒,桃園市八德區廣興路641號前0.0公尺附近,死亡1;受傷0,普通重型-機車;行人-人,121.283737,24.946916
110年02月05日 07時03分00秒,臺南市佳里區南47 2公里500.0公尺處,死亡1;受傷0,普通重型-機車,120.210043,23.173928
110年02月05日 07時35分00秒,彰化縣秀水鄉金興村番花路 / 彰化縣秀水鄉金興村正興路,死亡1;受傷2,普通重型-機車;普通重型-機車;乘客-人,120.524454,24.014461
110年02月05日 09時30分38秒,雲林縣北港鎮好收里雲162公路與產業道路口,死亡1;受傷0,營業用-小貨車(含客、貨兩用);普通重型-機車,120.288198,23.595787
110年02月05日 11時10分00秒,雲林縣東勢鄉四美村四美,死亡1;受傷0,普通重型-機車,120.247094,23.726362
110年02月05日 13時06分26秒,雲林縣二崙鄉定安村田寮(田寮28東17K2463FB32電桿),死亡1;受傷0,普通重型-機車;自用-小客車;自用-小貨車(含客、貨兩用),120.406220,23.815579
110年02月05日 13時57分00秒,彰化縣鹿港鎮洋厝里鹿草路3段 / 彰化縣鹿港鎮洋厝里新厝巷,死亡1;受傷0,自用-小貨車(含客、貨兩用);普通重型-機車,120.447937,24.090128
110年02月05日 18時16分11秒,宜蘭縣頭城鎮吉祥路142號前0.0公尺北側,死亡1;受傷1,自用-小客車;行人-人;行人-人,121.817545,24.859386
110年02月05日 18時22分00秒,新北市板橋區新北市板橋區民生路3段40號,死亡1;受傷0,普通重型-機車;腳踏自行車-慢車;營業用-曳引車;民營客運-大客車,121.467479,25.024923
110年02月05日 18時22分00秒,高雄市岡山區大仁北路 / 高雄市岡山區大仁北路,死亡1;受傷1,普通重型-機車;電動自行車-慢車;自用-小客車,120.302375,22.792739
110年02月05日 18時58分00秒,臺中市豐原區翁子里豐勢路2段245巷前0.0公尺,死亡1;受傷1,普通重型-機車;行人-人,120.741628,24.263455
110年02月05日 19時14分00秒,新北市板橋區新北市板橋區長江路1段105巷與環河西路,死亡1;受傷1,普通重型-機車;普通重型-機車,121.459465,25.029749
110年02月06日 06時30分00秒,桃園市觀音區工業七路10號前0.0公尺,死亡1;受傷0,營業用-大貨車;普通重型-機車,121.106436,25.052765
110年02月06日 07時21分00秒,臺北市萬華區大理街 / 臺北市萬華區雙園街,死亡1;受傷0,自用-小客車;行人-人,121.493091,25.032270
110年02月06日 08時20分00秒,臺南市將軍區忠嘉里南21線3.5公里,死亡1;受傷0,普通重型-機車;自用-小客車,120.155169,23.201761
110年02月06日 09時11分00秒,高雄市前鎮區中山四路 / 高雄市前鎮區凱旋四路,死亡1;受傷0,營業用-曳引車;普通輕型-機車,120.315436,22.596791
110年02月06日 10時11分39秒,臺南市仁德區保安里文賢路2段45號,死亡1;受傷2,普通重型-機車;自用-小貨車(含客、貨兩用);乘客-人;乘客-人,120.238128,22.920915
110年02月06日 11時37分36秒,桃園市中壢區圓光路2段口 / 桃園市中壢區大莊路,死亡1;受傷2,自用-小客車;普通重型-機車;乘客-人,121.172724,25.007968
110年02月06日 16時43分00秒,新北市鶯歌區新北市鶯歌區堤外道路1K+000,死亡1;受傷0,普通重型-機車;營業用-曳引車,121.350000,24.950000
110年02月07日 02時55分12秒,花蓮縣豐濱鄉台11線 47公里200.0公尺處東側向外側,死亡1;受傷0,自用-小客車,121.529255,23.617886
110年02月07日 13時33分00秒,南投縣鹿谷鄉股聲巷9號附近,死亡1;受傷0,普通重型-機車,120.782616,23.720794
110年02月07日 18時24分51秒,臺南市仁德區中洲路陸橋國道一號上方,死亡1;受傷0,普通重型-機車;動力機械-其他車,120.263852,22.909759
110年02月07日 19時09分37秒,臺南市永康區王行路1102-10號,死亡1;受傷0,遊覽車-大客車;行人-人;計程車-小客車,120.274093,23.052105
110年02月07日 22時30分00秒,彰化縣彰化市國道1號 195公里500.0公尺處南側向內側,死亡2;受傷3,自用-小客車;自用-小貨車(含客、貨兩用);乘客-人;乘客-人;乘客-人;乘客-人,120.553436,24.099005
110年02月08日 07時39分00秒,新竹縣竹北市莊敬南路口 / 新竹縣竹北市成功十街,死亡1;受傷0,電動自行車-慢車;自用-小客車,121.020040,24.816348
110年02月08日 07時46分00秒,高雄市林園區石化三路9號前0.0公尺,死亡1;受傷0,普通重型-機車;營業用-大貨車,120.405849,22.487654
110年02月08日 10時50分01秒,花蓮縣壽豐鄉中山路6段170號,死亡1;受傷1,行人-人;普通重型-機車,121.512510,23.875915
110年02月08日 11時22分22秒,高雄市仁武區國道10號 4公里300.0公尺處東側向外側,死亡1;受傷1,營業用-大貨車;租賃車-小客車;營業用-大貨車;營業用-半聯結車;乘客-人,120.351552,22.685030
110年02月08日 12時28分00秒,臺北市萬華區萬板大橋往台北市前0.0公尺,死亡1;受傷0,普通輕型-機車;民營公車-大客車,121.491043,25.029496
110年02月08日 14時56分00秒,高雄市阿蓮區中正路 / 高雄市阿蓮區中正路,死亡1;受傷0,普通輕型-機車;營業用-曳引車,120.333100,22.880690
110年02月08日 15時34分00秒,高雄市楠梓區德中路 / 高雄市楠梓區大學二十九路,死亡1;受傷0,自用-小貨車(含客、貨兩用);普通重型-機車,120.277277,22.723132
110年02月09日 17時11分47秒,臺南市關廟區五甲里南雄路1段附近 / 臺南市關廟區五甲里南雄路1段口,死亡1;受傷2,計程車-小客車;普通重型-機車;自用-小客車;乘客-人,120.333128,22.945183
110年02月09日 18時47分00秒,南投縣集集鎮投54 3公里500.0公尺處,死亡1;受傷0,行人-人;自用-小客車,120.758129,23.830873
110年02月09日 19時02分00秒,彰化縣鹿港鎮洋厝里新厝巷前0.0公尺,死亡1;受傷0,普通重型-機車,120.454415,24.086760
110年02月10日 06時01分00秒,彰化縣和美鎮月眉里和港路552號前0.0公尺,死亡1;受傷0,腳踏自行車-慢車;自用-小客車,120.489818,24.131780
110年02月10日 07時44分00秒,屏東縣東港鎮興和里和東路27號前0.0公尺,死亡1;受傷1,普通重型-機車;普通重型-機車,120.480905,22.485999
110年02月10日 10時58分00秒,屏東縣竹田鄉東西七路與過溝二路,死亡1;受傷0,自用-小貨車(含客、貨兩用);普通重型-機車,120.515782,22.615991
110年02月10日 12時40分00秒,彰化縣芬園鄉舊社村大彰路5段前0.0公尺,死亡1;受傷0,普通重型-機車,120.595087,24.028328
110年02月10日 13時30分00秒,臺中市大雅區員林里神林路一段520巷前0.0公尺,死亡1;受傷0,自用-小客車,120.661814,24.244196
110年02月10日 16時03分00秒,嘉義縣六腳鄉蘇厝村縣道145線47.5公里與蘇厝村無名道路口,死亡1;受傷0,普通重型-機車;自用-小貨車(含客、貨兩用),120.296300,23.555674
110年02月10日 19時00分00秒,臺南市學甲區新榮里華宗路210號前0.0公尺,死亡1;受傷0,行人-人;自用-小客車;自用-小客車,120.183495,23.225389
110年02月10日 19時24分00秒,臺中市南區崇倫里崇倫街 / 臺中市南區崇倫里西川一路,死亡1;受傷0,自用-小客車;行人-人,120.655996,24.127821
110年02月10日 19時57分00秒,高雄市三民區九如三路 / 高雄市三民區中庸街,死亡1;受傷1,自用-小客車;普通重型-機車;普通重型-機車;民營客運-大客車,120.285336,22.643770
110年02月11日 00時24分50秒,高雄市田寮區國道3號 371公里100.0公尺處南側向外側,死亡1;受傷0,自用-小客車;自用-小客車;自用-小貨車(含客、貨兩用),120.381735,22.851159
110年02月11日 04時46分00秒,高雄市路竹區中山路226之1號前0.0公尺,死亡2;受傷1,自用-小貨車(含客、貨兩用);普通重型-機車;自用-小客車;乘客-人,120.259500,22.855590
110年02月11日 06時16分00秒,新北市泰山區新北市泰山區大科路350002燈桿處,死亡1;受傷1,普通重型-機車;行人-人,121.398532,25.058785
110年02月11日 06時24分00秒,高雄市大社區中山路 / 高雄市大社區金龍路,死亡1;受傷0,營業用-小貨車(含客、貨兩用);行人-人,120.353701,22.731153
110年02月11日 08時02分52秒,花蓮縣瑞穗鄉台9線 251公里200.0公尺處南側,死亡1;受傷2,自用-小客車;乘客-人;乘客-人,121.377562,23.534391
110年02月11日 11時10分00秒,屏東縣屏東市和生路2段186號前0.0公尺,死亡1;受傷0,電動輔助自行車-慢車;自用-小客車,120.480580,22.652803
110年02月11日 15時32分00秒,南投縣仁愛鄉投71 17公里20.0公尺處附近,死亡1;受傷0,普通重型-機車,121.047116,23.914570
110年02月11日 16時40分17秒,宜蘭縣礁溪鄉匏杓崙路132號前0.0公尺,死亡1;受傷1,自用-小客車;乘客-人,121.713216,24.808378
110年02月11日 20時12分00秒,桃園市中壢區普仁里中山東路1段口 / 桃園市中壢區普仁里甘肅二街口,死亡1;受傷0,普通重型-機車,121.235279,24.955487
110年02月12日 02時19分00秒,臺南市新營區嘉芳里復興路東側 / 臺南市新營區嘉芳街,死亡1;受傷1,電動自行車-慢車;自用-小客車;乘客-人,120.285313,23.309081
110年02月12日 04時02分00秒,屏東縣內埔鄉東寧村德光巷(路燈編號912-02209),死亡1;受傷0,普通重型-機車,120.561492,22.614317
110年02月12日 08時25分00秒,桃園市楊梅區老莊路800號前0.0公尺,死亡1;受傷0,自用-小客車,121.165369,24.881085
110年02月12日 14時29分00秒,高雄市阿蓮區玉庫里無名路玉庫282電桿號前0.0公尺,死亡1;受傷1,普通重型-機車;乘客-人,120.310300,22.850110
110年02月12日 15時40分00秒,彰化縣大城鄉山腳村鐵樹巷前0.0公尺,死亡1;受傷0,普通重型-機車;自用-小客車,120.318026,23.840901
110年02月12日 15時55分00秒,嘉義市西區北新里世賢路1段420號前0.0公尺,死亡1;受傷1,腳踏自行車-慢車;普通重型-機車,120.454930,23.481443
110年02月12日 17時11分00秒,屏東縣枋山鄉台9線 451公里500.0公尺處南側向內側,死亡1;受傷7,自用-小客車;自用-小客車;乘客-人;乘客-人;乘客-人;乘客-人;乘客-人;乘客-人,120.702129,22.206985
110年02月12日 22時11分00秒,彰化縣福興鄉秀厝村南環路3段前500.0公尺西側,死亡1;受傷0,普通重型-機車,120.425372,24.035457
110年02月12日 22時22分00秒,臺北市中正區汀州路1段136號前0.0公尺,死亡1;受傷0,普通重型-機車;行人-人;計程車-小客車,121.508073,25.029433
110年02月13日 04時13分00秒,臺北市萬華區和平西路3段 / 臺北市萬華區廣州街,死亡1;受傷1,自用-小客車;行人-人,121.496965,25.036721
110年02月13日 06時00分36秒,新竹市東區東大路橋往食品匝道口,死亡1;受傷0,自用-小客車,120.977131,24.803769
110年02月13日 13時32分52秒,雲林縣斗南鎮建國一路南側 / 雲林縣斗南鎮文化街東側,死亡1;受傷0,自用-小客車;普通重型-機車,120.478224,23.683628
110年02月13日 16時15分00秒,臺中市大安區中庄里中松路85號前0.0公尺,死亡1;受傷0,普通重型-機車,120.588791,24.348886
110年02月14日 01時18分58秒,嘉義縣鹿草鄉施家村163線21公里900公尺處,死亡1;受傷0,普通重型-機車,120.300878,23.396990
110年02月14日 15時15分00秒,桃園市大園區海港路口 / 桃園市大園區產業道路,死亡1;受傷0,腳踏自行車-慢車;自用-小客車,121.231895,25.107666
110年02月14日 17時10分00秒,屏東縣枋山鄉台1線451.5KM,死亡1;受傷0,自用-小客車;大型重型2(250-550C.C.)-機車,120.651820,22.270348
110年02月14日 22時08分12秒,桃園市觀音區二聖路口 / 桃園市觀音區六合街,死亡1;受傷1,普通重型-機車;自用-小客車,121.138048,25.039155
110年02月15日 00時18分00秒,高雄市林園區潭頭路226號前0.0公尺,死亡1;受傷0,普通重型-機車,120.396907,22.525924
110年02月15日 01時30分00秒,彰化縣和美鎮嘉寶里嘉卿路1段390號前0.0公尺,死亡2;受傷1,自用-小客車;乘客-人;乘客-人,120.518783,24.137150
110年02月15日 07時25分00秒,臺南市善化區牛庄里區道南127-1線前0.0公尺,死亡1;受傷0,普通重型-機車,120.316002,23.148073
110年02月15日 07時54分41秒,雲林縣北港鎮台19線往南,死亡1;受傷0,普通重型-機車,120.306717,23.608855
110年02月15日 12時54分00秒,澎湖縣西嶼鄉縣203線 31公里400.0公尺處北側向外側,死亡1;受傷2,普通重型-機車;普通重型-機車;乘客-人,119.506271,23.587352
110年02月15日 13時43分00秒,臺南市東區崇善路與崇善二街口,死亡1;受傷0,普通輕型-機車;自用-小客車,120.227854,22.977174
110年02月15日 16時50分00秒,高雄市林園區中芸三路300號前0.0公尺,死亡1;受傷0,自用-小客車;普通重型-機車;自用-小客車;自用-小客車,120.398532,22.494401
110年02月15日 21時40分00秒,高雄市美濃區中正路2段543號前0.0公尺,死亡1;受傷0,普通重型-機車,120.536200,22.873650
110年02月16日 07時36分00秒,彰化縣鹿港鎮海埔里鹿工路 / 彰化縣鹿港鎮海埔里鹿工北二路,死亡1;受傷0,自用-小客車;電動自行車-慢車,120.412847,24.077578
110年02月16日 10時13分45秒,新竹縣峨眉鄉台3線89.5公里,死亡1;受傷0,大型重型1(550C.C.以上)-機車,121.012094,24.691701
110年02月16日 15時25分27秒,苗栗縣苑裡鎮苗140線與田心5路口,死亡1;受傷0,自用-小客車;乘客-人,120.656476,24.415549
110年02月16日 17時24分00秒,雲林縣水林鄉水南村產業道路蔦松40號電桿旁,死亡1;受傷0,腳踏自行車-慢車,120.227571,23.518240
110年02月17日 04時44分56秒,宜蘭縣五結鄉國道5號 45公里100.0公尺處南側向外側,死亡1;受傷0,自用-小客車,121.790787,24.700426
110年02月17日 07時34分00秒,雲林縣斗六市明德北路西側 / 雲林縣斗六市文化路,死亡1;受傷1,自用-小客車;普通重型-機車;普通重型-機車,120.556821,23.712800
110年02月17日 22時42分00秒,雲林縣元長鄉龍岩村龍岩45之1號前路口,死亡1;受傷0,自用-小貨車(含客、貨兩用),120.318171,23.622583
110年02月18日 12時33分00秒,新竹縣新埔鎮楊新路1段318巷口,死亡1;受傷1,自用-小客車;普通重型-機車,121.087108,24.831138
110年02月18日 19時45分33秒,桃園市八德區國道2號 17公里300.0公尺處西側向外側,死亡1;受傷0,自用-小客車;自用-小客車,121.318584,24.969086
110年02月19日 04時38分00秒,新北市五股區新北市五股區中興路與四維路,死亡1;受傷0,自用-小貨車(含客、貨兩用);普通重型-機車,121.441968,25.081495
110年02月19日 08時37分00秒,高雄市鳳山區經武路 / 高雄市鳳山區力行路,死亡1;受傷1,自用-小客車;普通重型-機車;乘客-人,120.364568,22.639307
110年02月19日 10時16分00秒,臺中市外埔區大同里三環路 / 臺中市外埔區大同里三環路,死亡1;受傷1,普通重型-機車;普通重型-機車,120.646815,24.328071
110年02月19日 13時30分41秒,宜蘭縣員山鄉坡城路51-26號前0.0公尺附近,死亡2;受傷1,自用-小客車;行人-人;行人-人;普通重型-機車,121.701291,24.779152
110年02月19日 15時46分00秒,新北市貢寮區新北市貢寮區臺2線道路113.2K,死亡1;受傷0,營業用-曳引車,121.944716,25.015890
110年02月19日 18時38分00秒,臺中市西屯區台灣大道三段,死亡1;受傷0,自用-小客車;腳踏自行車-慢車,120.647665,24.164183
110年02月19日 19時46分58秒,雲林縣西螺鎮頂湳里145縣道台電電桿新社107A北側20公尺,死亡1;受傷0,自用-小貨車(含客、貨兩用);腳踏自行車-慢車,120.443936,23.774492
110年02月20日 03時58分12秒,臺南市北區成功路東側 / 臺南市北區金華路5段西側,死亡1;受傷0,普通重型-機車;自用-小客車,120.196093,23.001476
110年02月20日 04時50分00秒,屏東縣春日鄉力里村南和橋上,死亡1;受傷1,普通重型-機車;乘客-人,120.645783,22.437344
110年02月20日 09時58分00秒,桃園市龍潭區中正路三坑段燈桿0302496處附近,死亡1;受傷0,普通重型-機車,121.247996,24.843865
110年02月20日 12時25分00秒,苗栗縣苑裡鎮130縣道(福田里37之1號前),死亡1;受傷0,普通重型-機車;自用-小貨車(含客、貨兩用);乘客-人,120.676017,24.422765
110年02月20日 13時10分00秒,基隆市中正區基隆市中正區北寧路海洋大學工學館前,死亡1;受傷1,自用-小客車;普通重型-機車;乘客-人,121.781361,25.149910
110年02月20日 18時17分00秒,臺南市東山區三榮里南314線6.7K,死亡1;受傷0,自用-小客車;普通重型-機車,120.387849,23.314019
110年02月20日 18時50分00秒,高雄市岡山區嘉峰路93號前0.0公尺,死亡1;受傷1,大型重型2(250-550C.C.)-機車;行人-人,120.312335,22.828214
110年02月20日 23時10分00秒,新北市樹林區新北市樹林區環漢路5段與四維路,死亡1;受傷0,自用-小貨車(含客、貨兩用);普通重型-機車,121.435191,24.995727
110年02月21日 02時35分56秒,臺南市東區林森路2段250號北側,死亡1;受傷0,普通重型-機車,120.223928,22.992099
110年02月21日 06時58分00秒,桃園市蘆竹區中正路南側 / 桃園市蘆竹區榮興路南側,死亡1;受傷0,自用-小客車;大型重型2(250-550C.C.)-機車,121.295625,25.041164
110年02月21日 07時25分55秒,雲林縣口湖鄉台61線 255公里800.0公尺處北側向內側,死亡2;受傷10,自用-小貨車(含客、貨兩用);自用-大貨車;自用-小貨車(含客、貨兩用);營業用-大貨車;乘客-人;自用-小客車;營業用-曳引車;自用-小客車;自用-小客車;自用-小客車;自用-小客車;自用-大貨車;自用-小客車;自用-小客車;自用-小客車;自用-小客車;自用-小客車;營業用-曳引車;自用-大貨車;乘客-人;乘客-人;乘客-人;乘客-人;乘客-人;乘客-人,120.181360,23.518469
110年02月21日 14時23分00秒,新北市新店區新北市新店區北宜路3段210巷與北宜路3段北宜公路18.1K,死亡1;受傷1,普通重型-機車;大型重型2(250-550C.C.)-機車,121.590221,24.951395
110年02月21日 16時37分00秒,屏東縣萬丹鄉香社村萬新路口 / 屏東縣萬丹鄉香社村大勇路口,死亡1;受傷2,普通重型-機車;大型重型1(550C.C.以上)-機車;乘客-人,120.485722,22.555368
110年02月21日 18時37分56秒,雲林縣東勢鄉縣道158甲,死亡1;受傷0,普通重型-機車;自用-小客車;自用-小客車;乘客-人,120.271758,23.720417
110年02月21日 20時46分00秒,雲林縣斗六市文化路與引善路口,死亡1;受傷0,普通重型-機車,120.567973,23.716914
110年02月22日 04時00分00秒,臺中市清水區中社里鎮政路前0.0公尺,死亡1;受傷1,普通重型-機車;自用-小客車,120.552338,24.270722
110年02月22日 11時39分00秒,臺南市永康區和平路189號,死亡1;受傷0,動力機械-其他車;普通重型-機車;自用-大貨車,120.266273,23.054024
110年02月23日 08時30分44秒,苗栗縣銅鑼鄉樟樹村竹圍32之1號,死亡1;受傷0,自用-大貨車;普通重型-機車,120.779234,24.448526
110年02月23日 09時08分00秒,新竹縣新豐鄉瑞興村5鄰崁頭90號,死亡2;受傷1,普通重型-機車;自用-小貨車(含客、貨兩用);乘客-人;乘客-人,121.014969,24.906912
110年02月23日 09時50分00秒,高雄市旗山區延平一路 / 高雄市旗山區中華路,死亡1;受傷1,普通重型-機車;普通重型-機車,120.484779,22.882211
110年02月23日 11時46分47秒,臺南市北區北門路二段口 / 臺南市北區公園北路口,死亡1;受傷0,自用-大貨車;腳踏自行車-慢車,120.213530,23.003935
110年02月23日 18時18分00秒,新北市三峽區新北市三峽區佳興路與龍埔路,死亡1;受傷0,自用-大貨車;普通重型-機車,121.366667,24.933333
110年02月23日 19時43分00秒,高雄市旗山區旗甲路3段489號前0.0公尺,死亡1;受傷0,自用-小客車;行人-人,120.507700,22.941830
110年02月23日 21時20分00秒,桃園市蘆竹區中興路口 / 桃園市蘆竹區中興七街附近,死亡1;受傷0,腳踏自行車-慢車;自用-小客車,121.261962,25.013106
110年02月24日 03時48分00秒,新北市新莊區新北市新莊區光明路221149燈桿前,死亡1;受傷0,普通重型-機車;自用-小客車;自用-小客車,121.491111,25.059126
110年02月24日 08時09分00秒,新竹縣新豐鄉竹2-1線0.5公里處,死亡1;受傷1,普通重型-機車;普通重型-機車;自用-小客車,121.010533,24.913160
110年02月24日 10時16分59秒,桃園市大園區橫峰里中山南路471號前0.0公尺附近,死亡1;受傷0,自用-小客車;普通輕型-機車;自用-小客車,121.205174,25.056205
110年02月24日 11時27分14秒,雲林縣麥寮鄉中興村工業路1500號前0.0公尺附近,死亡1;受傷0,自用-小客車;營業用-曳引車,120.219349,23.794209
110年02月24日 14時35分00秒,苗栗縣三灣鄉栗縣三灣鄉124乙縣道1.7公里處,死亡2;受傷2,自用-小客車;自用-小客車;乘客-人;乘客-人;乘客-人,120.970384,24.643013
110年02月24日 17時15分00秒,桃園市桃園區建國路口 / 桃園市桃園區延平路,死亡1;受傷0,自用-小貨車(含客、貨兩用);普通重型-機車,121.314388,24.985619
110年02月24日 18時45分24秒,花蓮縣吉安鄉中央路1段口 / 花蓮縣吉安鄉福興六街口,死亡1;受傷1,自用-小貨車(含客、貨兩用);普通重型-機車;乘客-人,121.597223,23.994353
110年02月24日 21時48分00秒,桃園市楊梅區楊湖路4段口 / 桃園市楊梅區上湖五路口,死亡1;受傷0,行人-人;自用-小客車,121.069675,24.911472
110年02月25日 06時18分11秒,雲林縣水林鄉水南村東陽街(路燈編號090912旁),死亡1;受傷1,自用-小客車;行人-人,120.246252,23.568296
110年02月25日 07時18分00秒,高雄市旗山區旗南二路 / 高雄市旗山區中寮一路,死亡1;受傷0,自用-小客車;普通重型-機車,120.466123,22.848450
110年02月25日 15時32分33秒,新竹縣湖口鄉光復北路口 / 新竹縣湖口鄉工業三路口,死亡1;受傷0,營業用-曳引車;其他人-人,121.018059,24.866034
110年02月26日 08時01分00秒,臺南市七股區大潭里省道臺17線口 / 臺南市七股區大潭里區道南30線口,死亡1;受傷0,自用-小貨車(含客、貨兩用);普通重型-機車,120.133111,23.185111
110年02月26日 12時03分48秒,桃園市蘆竹區海山路1段340號前0.0公尺,死亡1;受傷2,自用-小客車;乘客-人;乘客-人,121.263319,25.097408
110年02月27日 04時30分00秒,桃園市桃園區中山路827號前0.0公尺,死亡1;受傷2,行人-人;普通重型-機車;普通重型-機車,121.288277,24.989660
110年02月27日 04時40分00秒,雲林縣褒忠鄉新湖村新湖路26-4號前,死亡1;受傷0,行人-人;自用-小貨車(含客、貨兩用),120.289446,23.710711
110年02月27日 05時48分25秒,花蓮縣新城鄉順安村北三棧119之1號前,死亡1;受傷0,行人-人;自用-小客車,121.633498,24.113543
110年02月27日 08時38分00秒,高雄市鳥松區國道1號 364公里300.0公尺處南側向內側,死亡1;受傷3,營業用-半聯結車;自用-小貨車(含客、貨兩用);營業用-曳引車;乘客-人;乘客-人;乘客-人,120.335437,22.650917
110年02月27日 12時39分00秒,新北市三重區新北市三重區忠孝路1段與自強路3段,死亡1;受傷0,自用-小客車;普通重型-機車,121.490210,25.071872
110年02月27日 17時24分00秒,臺東縣卑南鄉民生路口 / 臺東縣卑南鄉和平路口,死亡1;受傷1,普通重型-機車;乘客-人,121.100259,22.779518
110年02月27日 23時52分00秒,高雄市美濃區廣興街86號前0.0公尺前,死亡1;受傷3,自用-小客車;自用-小客車;乘客-人;乘客-人;乘客-人,120.570200,22.917530
110年02月28日 00時34分00秒,臺中市神岡區北庄里中山路1011號前0.0公尺,死亡1;受傷4,自用-小客車;乘客-人;乘客-人;乘客-人;乘客-人,120.672238,24.255238
110年02月28日 10時28分00秒,臺中市新社區中和里豐埔產業道路前0.0公尺,死亡1;受傷0,自用-小客車;大型重型2(250-550C.C.)-機車,120.834061,24.172808
110年02月28日 13時37分00秒,花蓮縣富里鄉台9線 298公里750.0公尺處,死亡1;受傷0,大型重型2(250-550C.C.)-機車,121.250129,23.184132
110年02月28日 13時41分00秒,嘉義縣太保市新埤里台18線3公里200公尺處西向,死亡1;受傷1,自用-小客車;自用-小貨車(含客、貨兩用),120.344219,23.479904
110年02月28日 14時40分00秒,桃園市中壢區高鐵南路5段東側 / 桃園市中壢區松仁路口,死亡1;受傷0,自用-小客車;腳踏自行車-慢車,121.165330,24.963705
110年02月28日 21時05分33秒,苗栗縣竹南鎮國道3號竹南段橋下的8號涵洞的西往東產業道路上,死亡1;受傷0,普通重型-機車,120.848546,24.684443
110年03月01日 01時29分00秒,臺北市大安區和平東路1段 / 臺北市大安區新生南路2段,死亡1;受傷0,自用-小客車;普通重型-機車,121.534777,25.026071
110年03月01日 18時17分04秒,花蓮縣花蓮市華西路與193線道口附近,死亡1;受傷0,普通重型-機車;自用-小貨車(含客、貨兩用),121.629768,24.024055
110年03月02日 05時56分00秒,臺中市大里區永隆里大明路476號前0.0公尺,死亡1;受傷1,行人-人;普通重型-機車,120.675865,24.114946
110年03月02日 06時00分00秒,臺中市梧棲區中正里文化路二段117號前0.0公尺,死亡1;受傷0,自用-小客車;行人-人,120.530339,24.254969
110年03月02日 10時14分00秒,臺中市北屯區水景里軍功路一段303號前0.0公尺,死亡1;受傷3,自用-小客車;自用-小客車;自用-小貨車(含客、貨兩用);乘客-人,120.717372,24.167241
110年03月02日 12時59分00秒,臺南市七股區大埕里大埕65號附近,死亡1;受傷0,普通重型-機車,120.150974,23.149554
110年03月02日 14時48分00秒,屏東縣恆春鎮草埔路段,死亡1;受傷1,普通重型-機車;乘客-人,120.732865,22.015166
110年03月02日 16時00分00秒,高雄市三民區建國一路 / 高雄市三民區民族一路,死亡1;受傷0,自用-大貨車;普通重型-機車,120.318832,22.640090
110年03月02日 17時14分38秒,嘉義縣新港鄉大潭村164線與嘉85鄉道口,死亡1;受傷0,自用-小貨車(含客、貨兩用);普通重型-機車,120.365414,23.555628
110年03月02日 22時30分00秒,臺中市大里區新里里德芳路二段167號前0.0公尺,死亡1;受傷0,行人-人;民營客運-大客車,120.676383,24.103138
110年03月02日 23時10分44秒,新竹縣新豐鄉建興路2段657號前0.0公尺,死亡1;受傷1,自用-小客車;普通重型-機車,120.987113,24.897153
110年03月03日 07時48分00秒,臺中市烏日區中山路三段1183號前0.0公尺,死亡1;受傷0,自用-大貨車;腳踏自行車-慢車,120.589140,24.113335
110年03月03日 09時32分00秒,彰化縣永靖鄉港西村中山路1段708號前0.0公尺,死亡1;受傷1,腳踏自行車-慢車;自用-大貨車,120.544928,23.915293
110年03月03日 17時13分18秒,臺南市後壁區長短樹里南80線頂長高幹33前,死亡1;受傷0,普通重型-機車;自用-小客車,120.319442,23.360567
110年03月03日 17時30分00秒,高雄市三民區鼎力路 / 高雄市三民區天祥一路,死亡1;受傷1,普通重型-機車;普通重型-機車,120.322184,22.666947
110年03月03日 20時38分00秒,新北市五股區新北市五股區四維路與國道路3段,死亡1;受傷0,營業用-大貨車;腳踏自行車-慢車,121.467370,25.073427
110年03月04日 07時09分00秒,桃園市大園區許厝港路口 / 桃園市大園區潮音二路口,死亡1;受傷0,自用-大貨車;普通重型-機車,121.170082,25.077525
110年03月04日 17時26分00秒,高雄市苓雅區中正一路 / 高雄市苓雅區高速公路西側便道,死亡1;受傷0,自用-小客車;普通重型-機車,120.331817,22.628148
110年03月04日 18時22分00秒,臺東縣臺東市中華路2段口 / 臺東縣臺東市衡陽路口,死亡1;受傷0,自用-小貨車(含客、貨兩用);普通重型-機車,121.133513,22.742034
110年03月04日 23時00分39秒,宜蘭縣頭城鎮環鎮東路二段與大武路口,死亡1;受傷0,腳踏自行車-慢車;自用-小客車;自用-小客車,121.831230,24.864267
110年03月05日 03時14分00秒,臺北市大同區延平北路3段 / 臺北市大同區民權西路,死亡1;受傷1,普通重型-機車;行人-人,121.511220,25.062788
110年03月05日 04時00分00秒,臺北市信義區忠孝東路4段 / 臺北市信義區基隆路1段,死亡1;受傷1,普通重型-機車;行人-人,121.564400,25.041240
110年03月05日 08時11分00秒,臺東縣鹿野鄉永安村福鹿路138巷與福鹿路路口,死亡1;受傷0,普通重型-機車;自用-小客車,121.122181,22.933894
110年03月05日 09時49分00秒,高雄市大社區和平路1段 / 高雄市大社區和平路1段,死亡1;受傷0,自用-小貨車(含客、貨兩用);普通重型-機車,120.361410,22.735629
110年03月05日 15時34分00秒,桃園市大溪區康莊路3段附近 / 桃園市大溪區康莊路3段附近,死亡1;受傷1,自用-小貨車(含客、貨兩用);乘客-人,121.272334,24.840346
110年03月05日 17時24分00秒,臺中市南屯區楓樹里環中路五段 / 臺中市南屯區楓樹里精誠南路,死亡1;受傷0,普通重型-機車;自用-小貨車(含客、貨兩用),120.640331,24.116975
110年03月06日 00時59分59秒,桃園市八德區興豐路1151號前0.0公尺,死亡1;受傷0,普通重型-機車,121.305570,24.936677
110年03月06日 04時40分01秒,南投縣信義鄉投97 9公里300.0公尺處東側向內側,死亡1;受傷0,自用-小貨車(含客、貨兩用);乘客-人;乘客-人,120.987632,23.667976
110年03月06日 06時22分28秒,宜蘭縣員山鄉內城村八甲路台電電桿內城(96 R9R12L4 E8770 AD32)),死亡1;受傷0,普通重型-機車,121.696710,24.721733
110年03月06日 06時40分00秒,嘉義縣民雄鄉文隆村山腳1之78號前,死亡1;受傷1,自用-小客車;自用-小客車;行人-人,120.432671,23.533657
110年03月06日 10時10分32秒,雲林縣虎尾鎮虎興東二路與永興南七路口,死亡1;受傷0,營業用-大貨車;自用-小客車,120.420029,23.726251
110年03月06日 11時22分00秒,花蓮縣新城鄉台8線 187公里500.0公尺處西側向路肩,死亡1;受傷0,大型重型2(250-550C.C.)-機車,121.636724,24.136321
110年03月06日 13時39分00秒,澎湖縣西嶼鄉澎3號道與縣道203線岔路口(竹灣段),死亡1;受傷1,普通重型-機車;自用-小客車;乘客-人;乘客-人,119.513771,23.616312
110年03月07日 02時58分00秒,澎湖縣馬公市西文里縣道204道路口 / 澎湖縣馬公市西文里新店路口,死亡1;受傷0,自用-小客車;普通重型-機車;乘客-人,119.587309,23.564898
110年03月07日 20時49分23秒,花蓮縣新城鄉台9線 180.5公里附近向機、慢車道,死亡1;受傷2,普通重型-機車;電動自行車-慢車;乘客-人,121.605842,24.055256
110年03月08日 10時02分00秒,彰化縣彰化市國聖里國聖路 / 彰化縣彰化市國聖里國聖路,死亡1;受傷0,自用-小貨車(含客、貨兩用);普通重型-機車,120.546078,24.057431
110年03月09日 00時50分00秒,臺中市霧峰區乾溪東路,死亡1;受傷0,普通重型-機車;自用-小貨車(含客、貨兩用),120.693021,24.058598
110年03月09日 08時25分00秒,臺中市霧峰區中正里四德路 / 臺中市霧峰區中正里林森路,死亡1;受傷0,自用-大貨車;腳踏自行車-慢車,120.695931,24.065745
110年03月09日 11時46分43秒,雲林縣二崙鄉大義村路燈130處路口,死亡1;受傷0,電動自行車-慢車;自用-小客車;乘客-人,120.385316,23.792957
110年03月09日 15時31分00秒,屏東縣長治鄉下寮巷(溪埔寮幹33R號前),死亡1;受傷0,普通重型-機車,120.540815,22.675335
110年03月09日 16時53分00秒,臺南市後壁區竹新里新厝26號前南78-線上(仕安高幹2號),死亡1;受傷0,普通重型-機車,120.308472,23.340629
110年03月09日 23時07分00秒,高雄市仁武區水管路竹後0044路燈號前0.0公尺前,死亡1;受傷0,普通重型-機車,120.328873,22.706374
110年03月10日 10時30分10秒,臺南市東山區縣165線 16公里600.0公尺處南側向內側,死亡1;受傷0,自用-小貨車(含客、貨兩用);普通重型-機車,120.406976,23.328906
110年03月10日 13時55分17秒,臺南市關廟區國道3號 357公里北側向交流道,死亡1;受傷3,自用-小客車;乘客-人;乘客-人;乘客-人,120.333961,22.971824
110年03月10日 16時41分00秒,新北市新莊區新北市新莊區重新堤外道路808241燈桿前往三重,死亡1;受傷0,自用-小貨車(含客、貨兩用);普通重型-機車,121.453971,25.033547
110年03月10日 19時23分10秒,屏東縣里港鄉三和路102之4號前,死亡2;受傷0,自用-小客車;行人-人;行人-人;乘客-人,120.503502,22.810391
110年03月10日 23時41分00秒,屏東縣萬丹鄉萬丹路2段285號前0.0公尺,死亡1;受傷1,普通重型-機車;行人-人,120.487016,22.607177
110年03月11日 06時35分00秒,臺南市西港區台19線 126公里500.0公尺處北側向四岔路口,死亡1;受傷0,自用-小貨車(含客、貨兩用);普通重型-機車,120.196822,23.137139
110年03月11日 10時35分00秒,臺北市文山區羅斯福路4段 / 臺北市文山區基隆路4段,死亡1;受傷0,自用-小客車;行人-人,121.537085,25.010750
110年03月11日 17時24分00秒,南投縣鹿谷鄉投100  10.25公里處,死亡1;受傷0,自用-小貨車(含客、貨兩用);營業用-曳引車;營業用-曳引車,120.770637,23.810669
110年03月11日 20時50分00秒,臺中市清水區中社里港埠路三段 / 臺中市清水區中社里中社路,死亡1;受傷1,營業用-大貨車;自用-小客車,120.547085,24.275491
110年03月12日 01時32分00秒,臺中市中區綠川里建國路 / 臺中市中區綠川里民族路,死亡1;受傷0,普通重型-機車,120.683316,24.136360
110年03月12日 11時35分40秒,雲林縣西螺鎮公館里156縣道20K往東50公尺處,死亡1;受傷0,自用-小貨車(含客、貨兩用);拼裝車-其他車,120.442383,23.747926
110年03月12日 12時40分13秒,新竹縣湖口鄉達生路口 / 新竹縣湖口鄉中正七街口,死亡1;受傷0,普通重型-機車;自用-小貨車(含客、貨兩用),121.043324,24.896586
110年03月12日 20時19分00秒,高雄市大社區中山路711號前0.0公尺前,死亡1;受傷2,自用-小客車;普通重型-機車;自用-小貨車(含客、貨兩用);乘客-人,120.366026,22.730079
110年03月13日 02時16分49秒,屏東縣鹽埔鄉民治路126之1號前,死亡1;受傷0,普通重型-機車,120.580293,22.726795
110年03月13日 02時50分48秒,桃園市楊梅區楊湖路1段94號前200.0公尺,死亡1;受傷0,自用-小客車,121.139371,24.909292
110年03月13日 04時43分57秒,臺南市龍崎區崎頂里新市子104號,死亡1;受傷0,普通重型-機車,120.364167,22.964307
110年03月13日 12時20分00秒,桃園市新屋區社子里興福路346巷53弄168號前0.0公尺附近,死亡1;受傷0,普通重型-機車,121.081527,24.964233
110年03月13日 14時20分39秒,桃園市龜山區長峰路36號前10.0公尺,死亡1;受傷0,腳踏自行車-慢車,121.341571,25.001575
110年03月13日 23時06分00秒,臺南市下營區宅內里中正北路口 / 臺南市下營區中正北路口,死亡1;受傷0,自用-小客車,120.258018,23.244882
110年03月14日 02時05分00秒,嘉義縣中埔鄉和美村忠義路與和美路口,死亡1;受傷1,普通重型-機車;自用-小客車,120.471521,23.458430
110年03月15日 02時15分00秒,臺東縣東河鄉台11線 147公里700.0公尺處北側向路肩,死亡1;受傷5,自用-小客車;乘客-人;乘客-人;乘客-人;乘客-人;乘客-人,121.206248,22.864122
110年03月15日 04時33分00秒,彰化縣大村鄉平和村山腳路142-13號前0.0公尺前,死亡1;受傷0,自用-小貨車(含客、貨兩用);普通重型-機車;自用-小客車,120.578713,23.998580
110年03月15日 09時13分00秒,高雄市楠梓區村左楠路4號前0.0公尺,死亡1;受傷0,自用-小客車;行人-人,120.302392,22.709029
110年03月15日 11時45分00秒,臺中市清水區中山路 / 臺中市清水區文化路,死亡1;受傷0,普通重型-機車;自用-小客車;自用-小客車,120.573685,24.264311
110年03月15日 12時00分00秒,臺中市大里區夏田里環河路一段408號前0.0公尺,死亡1;受傷0,普通重型-機車;營業用-曳引車,120.670578,24.083935
110年03月15日 14時19分19秒,南投縣埔里鎮中山路四段106號旁,死亡1;受傷0,拼裝車-其他車;行人-人,120.932747,23.967181
110年03月15日 15時21分17秒,雲林縣北港鎮草湖里台19線公路與產業道路口,死亡1;受傷0,自用-大貨車;普通重型-機車,120.307118,23.610451
110年03月15日 20時49分00秒,臺中市北屯區三光里太原路三段 / 臺中市北屯區三光里九龍街,死亡1;受傷1,電動輔助自行車-慢車;普通重型-機車,120.695365,24.164937
110年03月16日 06時58分59秒,新竹縣新埔鎮文山里文山路口 / 新竹縣新埔鎮文山里陽明街口,死亡1;受傷1,普通重型-機車;行人-人,121.034552,24.830958
110年03月16日 09時34分00秒,臺北市文山區興隆路3段 / 臺北市文山區萬芳路,死亡1;受傷0,民營客運-大客車;行人-人,121.560044,24.996802
110年03月16日 10時55分00秒,臺南市東山區聖賢里區道南314線附近 / 臺南市東山區聖賢里區道南102線附近,死亡1;受傷0,普通重型-機車,120.357309,23.309714
110年03月16日 11時13分00秒,高雄市岡山區鵬程路 / 高雄市岡山區鵬程西街,死亡1;受傷0,自用-小客車;普通重型-機車,120.296055,22.789302
110年03月16日 16時19分50秒,宜蘭縣蘇澳鎮台9線 114公里700.0公尺處北側,死亡6;受傷39,遊覽車-大客車;乘客-人;乘客-人;乘客-人;乘客-人;乘客-人;乘客-人;乘客-人;乘客-人;乘客-人;乘客-人;乘客-人;乘客-人;乘客-人;乘客-人;乘客-人;乘客-人;乘客-人;乘客-人;乘客-人;乘客-人;乘客-人;乘客-人;乘客-人;乘客-人;乘客-人;乘客-人;乘客-人;乘客-人;乘客-人;乘客-人;乘客-人;乘客-人;乘客-人;乘客-人;乘客-人;乘客-人;乘客-人;乘客-人;乘客-人;乘客-人;乘客-人;乘客-人;乘客-人;乘客-人,121.832546,24.507860
110年03月16日 17時35分00秒,高雄市美濃區清水街 / 高雄市美濃區八德街,死亡1;受傷0,自用-小客車;普通重型-機車,120.527500,22.860750
110年03月16日 17時37分15秒,臺南市麻豆區井東里安業113號前路口,死亡1;受傷0,自用-小貨車(含客、貨兩用);行人-人,120.247074,23.160886
110年03月16日 19時06分07秒,宜蘭縣三星鄉尚貴路一段219號 往東80公尺,死亡1;受傷0,普通重型-機車;自用-小貨車(含客、貨兩用),121.708792,24.693859
110年03月17日 05時28分00秒,屏東縣長治鄉中興路與光華巷口前,死亡1;受傷0,營業用-小貨車(含客、貨兩用);行人-人,120.533334,22.690554
110年03月17日 08時21分00秒,彰化縣福興鄉大崙村大崙街13-23號前20.0公尺北側,死亡1;受傷0,自用-大貨車;腳踏自行車-慢車,120.475589,24.039576
110年03月17日 09時49分00秒,臺中市烏日區光明里五光路復光三巷157號前0.0公尺,死亡1;受傷0,動力機械-其他車;普通重型-機車;營業用-大貨車,120.640818,24.100371
110年03月17日 11時34分00秒,雲林縣虎尾鎮墾地里學府二路與科園路口,死亡1;受傷1,普通重型-機車;自用-小客車,120.413202,23.741815
110年03月17日 18時27分27秒,苗栗縣獅潭鄉台3線 110公里800.0公尺處北側向內側,死亡1;受傷0,自用-小客車;行人-人,120.931642,24.562266
110年03月17日 19時26分00秒,彰化縣埔心鄉舊舘村中正路2段155號前0.0公尺前,死亡1;受傷0,電動自行車-慢車;自用-小貨車(含客、貨兩用);乘客-人,120.523755,23.949288
110年03月17日 20時38分28秒,雲林縣口湖鄉台子村台興路,死亡1;受傷0,普通重型-機車,120.143870,23.565887
110年03月18日 03時57分00秒,臺中市南區崇倫里三民西路 / 臺中市南區崇倫里東興路,死亡1;受傷2,自用-小客車;營業用-小貨車(含客、貨兩用);乘客-人,120.653263,24.128829
110年03月18日 11時19分00秒,新北市新店區新北市新店區安業街與安利街旁,死亡1;受傷1,普通重型-機車;普通重型-機車,121.521187,24.974137
110年03月18日 11時56分00秒,嘉義縣水上鄉粗溪村台1線274公里100公尺處北向車道,死亡2;受傷2,自用-小客車;自用-小客車;自用-小客車;普通重型-機車;普通重型-機車;乘客-人;乘客-人,120.399771,23.435194
110年03月18日 21時11分00秒,新北市新莊區新北市新莊區新北大道7段與壽山路,死亡1;受傷1,大型重型1(550C.C.以上)-機車;自用-小客車,121.412075,25.028492
110年03月19日 07時32分00秒,苗栗縣苗栗市文發路、文發路255巷口,死亡1;受傷0,自用-小客車;行人-人,120.811976,24.573749
110年03月19日 08時33分00秒,高雄市大樹區興田路興田0205燈桿號前0.0公尺,死亡1;受傷0,自用-小客車;行人-人,120.301520,22.627160
110年03月19日 12時30分00秒,嘉義縣番路鄉草山村台三線313公里500公尺處,死亡1;受傷2,普通重型-機車;普通重型-機車;乘客-人,120.613456,23.379417
110年03月19日 15時03分00秒,新北市樹林區新北市樹林區柑園街2段175巷與佳園路3段68巷,死亡1;受傷0,腳踏自行車-慢車;自用-小客車,121.380898,24.951979
110年03月19日 16時42分00秒,宜蘭縣蘇澳鎮中山路2段口 / 宜蘭縣蘇澳鎮中山路2段口,死亡1;受傷0,大型重型2(250-550C.C.)-機車,121.834269,24.603032
110年03月19日 16時46分00秒,高雄市大社區光華路 / 高雄市大社區保舍甲路,死亡1;受傷0,普通重型-機車;普通重型-機車,120.347548,22.746606
110年03月20日 05時40分12秒,苗栗縣後龍鎮台6線 500.0公尺處西側,死亡1;受傷0,行人-人;自用-小客車;乘客-人,120.780618,24.601395
110年03月20日 11時14分00秒,臺中市北區育德里中清路 / 臺中市北區育德里育德路,死亡1;受傷0,自用-小客車;普通重型-機車,120.676246,24.157489
110年03月20日 11時42分00秒,桃園市新屋區下埔里文化路三段南下車道50.8K附近(永安所;Q110030367),死亡1;受傷0,電動自行車-慢車;自用-小客車,121.047216,25.010155
110年03月20日 14時03分00秒,臺中市梧棲區北上153K處,死亡3;受傷0,營業用-大貨車;自用-小客車;乘客-人;乘客-人,120.538758,24.255833
110年03月20日 14時48分22秒,桃園市八德區長興路350-5號前0.0公尺,死亡1;受傷0,營業用-小貨車(含客、貨兩用);普通重型-機車,121.276621,24.931638
110年03月20日 23時46分08秒,臺南市安南區台江大道二段(近工明五路口),死亡1;受傷0,自用-小客車,120.203844,23.058390
110年03月21日 03時55分00秒,高雄市仁武區高楠公路62號前0.0公尺,死亡1;受傷0,普通重型-機車,120.323793,22.701434
110年03月21日 06時05分00秒,嘉義縣中埔鄉金蘭村金蘭24-3號,死亡1;受傷0,自用-小貨車(含客、貨兩用);電動自行車-慢車,120.506848,23.444068
110年03月21日 16時50分01秒,屏東縣新園鄉興安路5號前,死亡1;受傷0,普通重型-機車,120.463904,22.512014
110年03月21日 21時32分00秒,新北市五股區新北市五股區新五路2段與蓬萊路,死亡1;受傷0,遊覽車-大客車;普通重型-機車,121.438610,25.078531
110年03月23日 06時50分00秒,臺北市信義區松山路 / 臺北市信義區福德街,死亡1;受傷0,民營公車-大客車;行人-人,121.578536,25.036229
110年03月23日 15時02分32秒,苗栗縣卓蘭鎮中正路145號前0.0公尺,死亡1;受傷0,自用-大貨車;腳踏自行車-慢車,120.828424,24.312061
110年03月23日 16時50分12秒,臺南市安南區長和路1段1巷(台電大豐高幹108-1電桿)前,死亡1;受傷0,普通重型-機車;自用-大貨車,120.238379,23.052107
110年03月23日 17時39分14秒,嘉義縣太保市新埤里台18線與嘉49線路口,死亡1;受傷0,自用-大貨車;自用-小客車,120.334605,23.475235
110年03月23日 22時42分00秒,臺北市大同區鄭州路 / 臺北市大同區西寧北路,死亡1;受傷0,自用-小客車;普通重型-機車,121.508202,25.050605
110年03月23日 23時07分00秒,新竹縣湖口鄉新興路560之2號前0.0公尺附近,死亡1;受傷0,自用-小客車;普通重型-機車;自用-小貨車(含客、貨兩用),121.005827,24.878083
110年03月24日 18時00分00秒,高雄市大寮區鳳林一路 / 高雄市大寮區無名路,死亡1;受傷0,營業用-半聯結車;普通重型-機車,120.401191,22.584481
110年03月25日 04時00分00秒,高雄市三民區國道1號 364公里800.0公尺處南側向外側,死亡1;受傷1,自用-小客車;自用-小客車,120.333205,22.656458
110年03月25日 05時38分00秒,臺中市霧峰區四德里四德北路63號前0.0公尺,死亡1;受傷0,自用-小貨車(含客、貨兩用);腳踏自行車-慢車,120.664852,24.064608
110年03月25日 16時40分00秒,彰化縣溪湖鎮番婆里彰水路2段463號前0.0公尺,死亡1;受傷0,自用-小貨車(含客、貨兩用);其他人-人,120.480675,23.945903
110年03月25日 19時39分00秒,雲林縣虎尾鎮惠來里145乙與產業道路口,死亡1;受傷0,營業用-曳引車;普通重型-機車,120.495705,23.730013
110年03月26日 06時00分00秒,新北市鶯歌區新北市鶯歌區福德一路1號旁,死亡1;受傷0,自用-曳引車;普通重型-機車,121.326089,24.935055
110年03月26日 07時38分00秒,高雄市岡山區介壽西路 / 高雄市岡山區頂潭路,死亡1;受傷0,普通重型-機車;自用-小貨車(含客、貨兩用),120.275737,22.784280
110年03月26日 08時39分36秒,屏東縣萬丹鄉萬生村大學路103號前0.0公尺,死亡1;受傷0,營業用-曳引車;普通重型-機車,120.517402,22.597528
110年03月26日 20時55分00秒,臺南市左鎮區榮和里菜寮97號旁產業道路口,死亡1;受傷0,普通重型-機車,120.399183,23.061385
110年03月26日 21時50分00秒,苗栗縣公館鄉五谷村五谷128-5號前水溝,死亡1;受傷0,普通重型-機車,120.816108,24.523414
110年03月26日 22時50分13秒,臺南市安定區港南里國道8號側車道港口1-26號前0.0公尺,死亡1;受傷0,自用-小客車;乘客-人,120.225706,23.085733
110年03月26日 23時48分00秒,高雄市大寮區興隆路 / 高雄市大寮區東隆街,死亡1;受傷0,自用-小客車;普通重型-機車,120.412430,22.607671
110年03月27日 02時33分00秒,臺南市永康區中正北路與龍橋街口,死亡1;受傷0,普通重型-機車;自用-小客車,120.261836,23.045786
110年03月27日 07時30分00秒,高雄市美濃區復興街1段411巷中壇238電桿號前0.0公尺,死亡1;受傷0,普通重型-機車,120.548881,22.872118
110年03月27日 11時18分00秒,臺中市南區南和里工學路40號前0.0公尺,死亡1;受傷0,自用-小貨車(含客、貨兩用);人力車-慢車;自用-小客車,120.666078,24.117029
110年03月27日 16時18分24秒,嘉義縣大林鎮排路里162線與早知路路口,死亡1;受傷1,自用-大貨車;普通重型-機車;乘客-人,120.429706,23.613579
110年03月27日 16時55分00秒,彰化縣埤頭鄉豊崙村彰水路4段 / 彰化縣埤頭鄉豊崙村彰水路4段,死亡1;受傷0,普通重型-機車;自用-小客車,120.474515,23.921561
110年03月27日 20時52分00秒,高雄市大寮區鳳林三路373巷7之5號前0.0公尺,死亡1;受傷1,普通重型-機車;行人-人,120.396500,22.601710
110年03月28日 09時21分41秒,桃園市大溪區國道3號 58公里300.0公尺處北側向輔助,死亡1;受傷2,自用-小客車;營業用-半聯結車;營業用-半聯結車;乘客-人,121.261727,24.886544
110年03月28日 11時25分00秒,嘉義縣中埔鄉石硦村台三線309公里400公尺處,死亡1;受傷0,普通重型-機車;自用-小貨車(含客、貨兩用),120.583205,23.373379
110年03月28日 18時20分00秒,臺南市安南區安明路2段路燈117號前0.0公尺,死亡1;受傷1,普通重型-機車;乘客-人,120.159562,23.038870
110年03月29日 05時08分00秒,彰化縣伸港鄉大同村中興路2段88號前0.0公尺前,死亡1;受傷0,自用-小客車;自用-小貨車(含客、貨兩用);自用-小客車;自用-小客車,120.485895,24.158920
110年03月29日 10時55分00秒,臺中市新社區電桿成功幹163旁,死亡1;受傷0,大型重型2(250-550C.C.)-機車,120.888245,24.097551
110年03月29日 16時17分00秒,桃園市桃園區龍壽街125號前0.0公尺附近,死亡1;受傷1,腳踏自行車-慢車;普通重型-機車;自用-小客車,121.268315,24.981672
110年03月29日 18時32分00秒,南投縣南投市中正路194號,死亡1;受傷0,自用-小客車;其他人-人,120.691121,23.948843
110年03月29日 21時02分00秒,臺中市神岡區圳前里中山路1720巷60號前0.0公尺,死亡1;受傷0,普通重型-機車;行人-人,120.652993,24.264298
110年03月30日 09時30分00秒,嘉義縣民雄鄉福興村牛稠溪1739號旁路口,死亡1;受傷0,普通重型-機車,120.420861,23.515962
110年03月30日 11時08分00秒,屏東縣新園鄉港墘村港墘路2之398號號前0.0公尺附近,死亡1;受傷0,普通重型-機車,120.465870,22.534542
110年03月31日 07時45分00秒,高雄市鳥松區文前路鳥松0047號前0.0公尺,死亡1;受傷0,普通重型-機車,120.348819,22.667292
110年03月31日 10時55分00秒,臺中市南屯區楓樹里環中路五段 / 臺中市南屯區楓樹里永春東三路,死亡1;受傷0,自用-大貨車;普通重型-機車,120.631041,24.149175
110年03月31日 12時09分00秒,高雄市左營區軍校路82號前0.0公尺,死亡1;受傷1,普通重型-機車;自用-小客車;普通重型-機車,120.292626,22.689906
110年04月01日 10時50分11秒,花蓮縣壽豐鄉中山路3段92號前0.0公尺,死亡1;受傷0,自用-小客車;行人-人;普通重型-機車;自用-小客車,121.530914,23.909678
110年04月01日 22時53分00秒,花蓮縣玉里鎮台30線 20公里500.0公尺處,死亡1;受傷1,普通重型-機車;乘客-人,121.337744,23.290706
110年04月02日 22時18分43秒,新竹縣寶山鄉新湖路三段溪峰高幹164,死亡1;受傷1,普通重型-機車;乘客-人,121.004430,24.718997
110年04月03日 16時20分00秒,嘉義縣大埔鄉西興村台三線351公里500公尺處,死亡1;受傷0,普通重型-機車;普通重型-機車;自用-小客車;營業用-曳引車,120.598792,23.301073
110年04月04日 09時11分23秒,花蓮縣秀林鄉台8線 160.8公里附近,死亡1;受傷0,腳踏自行車-慢車,121.487902,24.198777
110年04月04日 13時04分35秒,新竹縣新埔鎮文山路亞東段127號附近(電桿:遠東高幹7E0693GA97),死亡1;受傷1,自用-小客車;乘客-人,121.061854,24.824496
110年04月04日 21時00分00秒,桃園市大園區國道2號 4公里400.0公尺處東側向路肩,死亡1;受傷0,自用-小客車,121.213828,25.056851
110年04月05日 03時23分00秒,南投縣信義鄉投97 7公里700.0公尺處,死亡1;受傷0,普通重型-機車,120.940588,23.830053
資料提供日期：110年04月12日,,,,,
事故類別：A1類,,,,,
